-- phpMyAdmin SQL Dump
-- version 3.2.4
-- http://www.phpmyadmin.net
--
-- Host: localhost
-- Generation Time: Jan 29, 2016 at 12:33 PM
-- Server version: 5.1.41
-- PHP Version: 5.3.1

SET SQL_MODE="NO_AUTO_VALUE_ON_ZERO";


/*!40101 SET @OLD_CHARACTER_SET_CLIENT=@@CHARACTER_SET_CLIENT */;
/*!40101 SET @OLD_CHARACTER_SET_RESULTS=@@CHARACTER_SET_RESULTS */;
/*!40101 SET @OLD_COLLATION_CONNECTION=@@COLLATION_CONNECTION */;
/*!40101 SET NAMES utf8 */;

--
-- Database: `dbgizi_updated`
--

-- --------------------------------------------------------

--
-- Table structure for table `berita`
--

CREATE TABLE IF NOT EXISTS `berita` (
  `id` int(4) NOT NULL,
  `judul` varchar(255) NOT NULL,
  `isi` text NOT NULL
) ENGINE=InnoDB DEFAULT CHARSET=latin1;

--
-- Dumping data for table `berita`
--

INSERT INTO `berita` (`id`, `judul`, `isi`) VALUES
(1, 'Kalori', 'Kalori merupakan kebutuhan energi untuk menjalani aktifitas sehari-hari seperti berjalan, menulis, dll.'),
(2, 'Berat badan ideal', 'Banyak sekali orang yang beromba-lomba untuk mendapatkan bentuk tubuh yang diinginkan dari yang diet ekstrem, sampai yang makan sangat banyak sampai obesitas.\r\nkita perlu tahu berapa berat badan ideal kita untuk menjaga pola hidup sehat.');

-- --------------------------------------------------------

--
-- Table structure for table `jenis_pangan`
--

CREATE TABLE IF NOT EXISTS `jenis_pangan` (
  `kode` varchar(2) NOT NULL,
  `jenis` varchar(50) NOT NULL,
  `ket` text NOT NULL,
  PRIMARY KEY (`kode`)
) ENGINE=InnoDB DEFAULT CHARSET=latin1;

--
-- Dumping data for table `jenis_pangan`
--

INSERT INTO `jenis_pangan` (`kode`, `jenis`, `ket`) VALUES
('AA', 'Pokok', 'Makanan pokok'),
('AB', 'Hasil olahan pokok', 'Hasil olahan dari makanan pokok'),
('BA', 'Biji - bijian', 'Biji-bijian'),
('BB', 'Hasil olahan biji-bijian', 'Hasil olahan dari biji-bijian'),
('CA', 'Daging', 'Daging'),
('CB', 'Hasil olahan daging', 'Hasil olahan dari daging'),
('DA', 'Telur', 'Telur'),
('EA', 'Ikan', 'Ikan'),
('EB', 'Hasil olahan ikan', 'Hasil olahan dari ikan'),
('FA', 'Sayur', 'Sayur'),
('FB', 'Sayur gol 2', 'Sayur gol 2'),
('GA', 'Buah', 'Buah'),
('HA', 'Hasil olahan susu', 'Hasil olahan dari susu'),
('IA', 'Lemak', 'Lemak'),
('JA', 'Gula', 'Gula'),
('JB', 'Mbuh', 'Mbuh'),
('PA', 'Jajanan', 'Jajanan'),
('PB', 'Cemilan', 'Cemilan'),
('PC', 'Cemilah dagingn', 'Cemilan daging'),
('PD', 'Hasil olahan telur', 'Hasil olahan telur'),
('PE', 'Jajanan ikan', 'Jajanan ikan'),
('PF', 'Jajanan sayur', 'jajanan sayur'),
('PH', 'Susu kemasan', 'Susu kemasan'),
('PJ', 'Jajanan kue dll', 'Jajanan kue dll');

-- --------------------------------------------------------

--
-- Table structure for table `makanan`
--

CREATE TABLE IF NOT EXISTS `makanan` (
  `no` int(4) NOT NULL AUTO_INCREMENT,
  `kode` varchar(2) NOT NULL,
  `nama` varchar(50) NOT NULL,
  `kalori` int(4) NOT NULL,
  PRIMARY KEY (`no`)
) ENGINE=InnoDB  DEFAULT CHARSET=latin1 AUTO_INCREMENT=971 ;

--
-- Dumping data for table `makanan`
--

INSERT INTO `makanan` (`no`, `kode`, `nama`, `kalori`) VALUES
(2, 'AA', 'Arrowroot', 102),
(3, 'AA', 'Belitung', 145),
(4, 'AA', 'Belitug kukus', 145),
(5, 'AA', 'Beras benir', 339),
(6, 'AA', 'Beras giling', 360),
(7, 'AA', 'Beras giling pelita I 1', 366),
(8, 'AA', 'Beras giling pelita II 1', 396),
(9, 'AA', 'Beras jagung', 345),
(10, 'AA', 'Beras ketan hitam', 356),
(11, 'AA', 'Beras ketan hitam kukus', 181),
(12, 'AA', 'Beras ketan hitam tumbuk', 360),
(13, 'AA', 'Beras ketan putih', 362),
(14, 'AA', 'Beras ketan putih kukus', 163),
(15, 'AA', 'Beras ketan putih tumbuk', 361),
(16, 'AA', 'Beras merah tumbuk', 359),
(17, 'AA', 'Beras merah tumbuk', 352),
(18, 'AA', 'Beras merah tumbuk(kukus)', 149),
(19, 'AA', 'Beras paboiled', 364),
(20, 'AA', 'Beras pecah kulit', 335),
(21, 'AA', 'Beras rojolele', 35),
(22, 'AA', 'Beras setengah giling', 363),
(23, 'AA', 'Beras tumbuk pelita I 1', 365),
(24, 'AA', 'Beras tumbuk pelita II 1', 360),
(25, 'AA', 'Gadung', 101),
(26, 'AA', 'Gadung (DKBM P3G 90)', 100),
(27, 'AA', 'Ganyong', 9),
(28, 'AA', 'Ganyong (DKBM P3G  90)', 77),
(29, 'AA', 'Gaplek', 33),
(30, 'AA', 'Gembili', 95),
(31, 'AA', 'Gembili (DKBM P3G  90)', 131),
(32, 'AA', 'Jali', 289),
(33, 'AA', 'Jagung giling kuning', 361),
(34, 'AA', 'Jagung giling putih', 361),
(35, 'AA', 'Jagung harapan', 367),
(36, 'AA', 'Jagung kuning', 366),
(37, 'AA', 'Jagung kuning muda', 147),
(38, 'AA', 'Jagung kuning muda rebus', 142),
(39, 'AA', 'Jagung kuning rebus', 366),
(40, 'AA', 'Jagung kuning, pipil baru', 307),
(41, 'AA', 'Jagung kuning, pipil lama', 355),
(42, 'AA', 'Jagung metro', 36),
(43, 'AA', 'Jagung putih, pipil baru', 307),
(44, 'AA', 'Jagung putih, pipil lama', 355),
(45, 'AA', 'Jagung segar, kuning', 140),
(46, 'AA', 'Jagung segar, putih', 140),
(47, 'AA', 'Jagung titi', 374),
(48, 'AA', 'Jawawut', 334),
(49, 'AA', 'Kaburan', 133),
(50, 'AA', 'Katul beras', 275),
(51, 'AA', 'Katul jagung', 356),
(52, 'AA', 'Kentang', 83),
(53, 'AA', 'Kentang (DKBM P3G 90)', 62),
(54, 'AA', 'Kentang hitam', 142),
(55, 'AA', 'Keribang', 137),
(56, 'AA', 'Ketan (lihat beras ketan)', 362),
(57, 'AA', 'Ketela pohon (DKBM P3G 90)', 154),
(58, 'AA', 'Ketela pohon (singkong)', 146),
(59, 'AA', 'Ketela pohon kuning', 157),
(60, 'AA', 'Komba (bentul)', 98),
(61, 'AA', 'Mi kering', 339),
(62, 'AA', 'Misoa', 345),
(63, 'AA', 'Sente', 64),
(64, 'AA', 'Suweg', 69),
(65, 'AA', 'Suweg (DKBM P3G 90)', 74),
(66, 'AA', 'Talas', 98),
(67, 'AA', 'Talas bogor', 108),
(68, 'AA', 'Talas pontianak', 163),
(69, 'AA', 'Tepung terigu', 333),
(70, 'AA', 'Ubi jalar kuning', 114),
(71, 'AA', 'Ubi jalar merah', 123),
(72, 'AA', 'Ubi jalar merah (DKBM P3G 90)', 151),
(73, 'AA', 'Ubi jalar puith (DKBM P3G 90)', 152),
(74, 'AA', 'Ubi jalar putih', 123),
(75, 'AA', 'Ubi kemayung', 150),
(76, 'AA', 'Ubi manis', 83),
(77, 'AA', 'Uwi', 101),
(78, 'AB', 'Bihun', 360),
(79, 'AB', 'Biskuit', 458),
(80, 'AB', 'Cantel', 332),
(81, 'AB', 'Havermout', 390),
(82, 'AB', 'Jagung muda,kuning rebus bakar', 129),
(83, 'AB', 'Jagung muda,putih rebus bakar', 129),
(84, 'AB', 'Kerupuk aci', 350),
(85, 'AB', 'Ketela mie golosor', 71),
(86, 'AB', 'Ketela oyek', 342),
(87, 'AB', 'Macaroni', 363),
(88, 'AB', 'Maizena (pati jagung)', 343),
(89, 'AB', 'Mi basah', 86),
(90, 'AB', 'Mi kering', 337),
(91, 'AB', 'Pati singkong(tapioka)', 362),
(92, 'AB', 'Roti putih', 248),
(93, 'AB', 'Roti warna sawo matang', 249),
(94, 'AB', 'Tape singkong', 173),
(95, 'AB', 'Tepung beras', 364),
(96, 'AB', 'Tepung gaplek', 363),
(97, 'AB', 'Tepung garut (tepung anowroot)', 355),
(98, 'AB', 'Tepung jagung kuning', 355),
(99, 'AB', 'Tepung jagung putih', 355),
(100, 'AB', 'Tepung kentang', 347),
(101, 'AB', 'Tepung sagu', 353),
(102, 'AB', 'Tepung sagu', 209),
(103, 'AB', 'Tepung sagu ambon', 555),
(104, 'AB', 'Tepung terigu', 365),
(105, 'AB', 'Tipa tipa (emping)', 355),
(106, 'AB', 'Vermicelli', 363),
(107, 'BA', 'Akar tonjong', 45),
(108, 'BA', 'Ake. toge', 37),
(109, 'BA', 'Biji jambu mete', 606),
(110, 'BA', 'Biji jambu monyet (mente)', 562),
(111, 'BA', 'Bungkil biji karet', 333),
(112, 'BA', 'Bungkil kacang tanah', 336),
(113, 'BA', 'Bungkil kelapa', 368),
(114, 'BA', 'Jengkol', 20),
(115, 'BA', 'Jengkol', 140),
(116, 'BA', 'Kabau', 199),
(117, 'BA', 'Kacang arab', 330),
(118, 'BA', 'Kacang babi', 341),
(119, 'BA', 'Kacang babi bogor', 165),
(120, 'BA', 'Kacang babi gude', 316),
(121, 'BA', 'Kacang babi kecipir', 400),
(122, 'BA', 'Kacang bogor', 370),
(123, 'BA', 'Kacang endel, biji', 331),
(124, 'BA', 'Kacang gude, biji', 336),
(125, 'BA', 'Kacang gude, biji muda', 114),
(126, 'BA', 'Kacang hijau var. siwalik', 339),
(127, 'BA', 'Kacang hijau var. bakti', 350),
(128, 'BA', 'Kacang hijau var. takdiketahui', 323),
(129, 'BA', 'Kacang ijo', 345),
(130, 'BA', 'Kacang kedelai', 381),
(131, 'BA', 'Kacang kedele basah', 286),
(132, 'BA', 'Kacang kedele kering', 331),
(133, 'BA', 'Kacang merah (kacang galing)', 336),
(134, 'BA', 'Kacang merah kering', 314),
(135, 'BA', 'Kacang merah segar', 171),
(136, 'BA', 'Kacang merah tua', 280),
(137, 'BA', 'Kacang panjang biji', 357),
(138, 'BA', 'Kacang roay', 344),
(139, 'BA', 'Kacang tanah', 525),
(140, 'BA', 'Kacang tanah terkupas selaput', 452),
(141, 'BA', 'Kacang tolo', 331),
(142, 'BA', 'Kacang tunggak (kacang tolo)', 342),
(143, 'BA', 'Kacang uci', 358),
(144, 'BA', 'Kecipir, biji', 405),
(145, 'BA', 'Kelapa muda, air', 17),
(146, 'BA', 'Kelapa muda, daging', 68),
(147, 'BA', 'Kelapa setengah tua, daging', 180),
(148, 'BA', 'Kelapa tua, daging', 359),
(149, 'BA', 'Kemiri', 636),
(150, 'BA', 'Kenari', 657),
(151, 'BA', 'Ketumbar', 404),
(152, 'BA', 'Kluwak', 273),
(153, 'BA', 'Koro andong', 356),
(154, 'BA', 'Koro benguk, biji', 332),
(155, 'BA', 'Koro loke, biji', 33),
(156, 'BA', 'Koro wedus, biji', 338),
(157, 'BA', 'Lamtoro (pete cina) biji muda', 85),
(158, 'BA', 'Lamtoro (pete cina) biji tua', 148),
(159, 'BA', 'Lamtoro gung kupasan', 367),
(160, 'BA', 'Lamtoro var. lokal', 336),
(161, 'BA', 'Lamtoro var. tempe', 128),
(162, 'BA', 'Nangka, biji', 165),
(163, 'BA', 'Pala, biji', 494),
(164, 'BA', 'Pete segar', 142),
(165, 'BA', 'Saga merah terkupas', 449),
(166, 'BA', 'Wijen', 568),
(167, 'BA', 'Wijen (DKBM P3G 90)', 555),
(168, 'BB', 'Ampas tahu', 414),
(169, 'BB', 'Ampas tahu(DKBM P3G 90)', 67),
(170, 'BB', 'Biji jambu mete goreng', 629),
(171, 'BB', 'Bongkrek(tempe bungkil kelapa)', 119),
(172, 'BB', 'Emping (kerupuk melinjo)', 345),
(173, 'BB', 'Kac. tanah sangan tanpa slpt', 559),
(174, 'BB', 'Kacang ampas', 96),
(175, 'BB', 'Kacang babi jadi tempe', 139),
(176, 'BB', 'Kacang babi kecipir tempe', 212),
(177, 'BB', 'Kacang oncom', 376),
(178, 'BB', 'Kacang tanah goreng', 564),
(179, 'BB', 'Kacang tanah rebus dgn kulit', 360),
(180, 'BB', 'Keju kacang tanah (peanut b)', 590),
(181, 'BB', 'Kembang tahu', 380),
(182, 'BB', 'Koro kerupuk, biji', 125),
(183, 'BB', 'Kwaci', 515),
(184, 'BB', 'Lamroto tempe dengn kulit', 146),
(185, 'BB', 'Lamtoro tempe', 131),
(186, 'BB', 'Oncom', 187),
(187, 'BB', 'Oncom dan singkong', 351),
(188, 'BB', 'Santan(kelapa diperas)', 324),
(189, 'BB', 'Santan(kelapa diperas dgn air)', 122),
(190, 'BB', 'Saridele,bubuk', 344),
(191, 'BB', 'Susu kedele', 41),
(192, 'BB', 'Tahu', 68),
(193, 'BB', 'Tahu (DKBM P3G 90)', 80),
(194, 'BB', 'Taokoa (DKBM P3G 90)', 148),
(195, 'BB', 'Taokoa', 104),
(196, 'BB', 'Tauco', 166),
(197, 'BB', 'Tempe gembus', 73),
(198, 'BB', 'Tempe gembus yogya', 76),
(199, 'BB', 'Tempe gembus(puslitbang)', 73),
(200, 'BB', 'Tempe kedelai dan jagung', 143),
(201, 'BB', 'Tempe kedelai murni', 201),
(202, 'BB', 'Tempe kedelai pasar', 150),
(203, 'BB', 'Tempe kedele murni', 149),
(204, 'BB', 'Tempe koro benguk', 141),
(205, 'BB', ',Tempe lamtoro', 142),
(206, 'BB', ',Tepung hunkwee (pati kac. ijo)', 364),
(207, 'BB', 'Tepung kacang kedele', 347),
(208, 'CA', 'Angsa', 354),
(209, 'CA', 'Ayam', 302),
(210, 'CA', 'Babat', 113),
(211, 'CA', 'Bebek (itik)', 326),
(212, 'CA', 'Daging anak sapi', 190),
(213, 'CA', 'Daging babi gemuk', 457),
(214, 'CA', 'Daging babi kurus', 376),
(215, 'CA', 'Daging domba', 206),
(216, 'CA', 'Daging kambing', 154),
(217, 'CA', 'Daging kerbau', 84),
(218, 'CA', 'Daging kuda', 118),
(219, 'CA', 'Daging sapi', 207),
(220, 'CA', 'Dideh (darah ayam)', 77),
(221, 'CA', 'Dideh (darah sapi)', 104),
(222, 'CA', 'Ginjal babi', 114),
(223, 'CA', 'Ginjal domba', 105),
(224, 'CA', 'Ginjal sapi', 141),
(225, 'CA', 'Ham', 389),
(226, 'CA', 'Hati babi', 134),
(227, 'CA', 'Hati sapi', 136),
(228, 'CA', 'Lemak babi (bacon)', 630),
(229, 'CA', 'Otak', 125),
(230, 'CA', 'Usus sapi', 130),
(231, 'CB', 'Daging asap', 191),
(232, 'CB', 'Daging kornet (corned beef)', 241),
(233, 'CB', 'Dendeng daging sapi', 433),
(234, 'CB', 'Kerupuk kulit kerbau', 422),
(235, 'CB', 'Sarang burung', 281),
(236, 'CB', 'Sosis daging ( worst )', 452),
(237, 'CB', 'Sosis hati (leverwosrt)', 387),
(238, 'DA', 'Telur ayam', 162),
(239, 'DA', 'Telur ayam bagian kuning', 361),
(240, 'DA', 'Telur ayam bagian putih', 50),
(241, 'DA', 'Telur ayam lokal', 196),
(242, 'DA', 'Telur ayam ras', 154),
(243, 'DA', 'Telur bebek(DKBM P3G 90)', 202),
(244, 'DA', 'Telur bebek(telur itik)', 189),
(245, 'DA', 'Telur bebek bagian kuning', 398),
(246, 'DA', 'Telur bebek bagian putih', 54),
(247, 'DA', 'Telur bebek diasin', 195),
(248, 'DA', 'Telur penyu', 144),
(249, 'DA', 'Telur terubuk', 425),
(250, 'EA', 'Bader(tawes)', 198),
(251, 'EA', 'Balong(ikan air tawar)', 107),
(252, 'EA', 'Bambangan', 112),
(253, 'EA', 'Bandeng', 129),
(254, 'EA', 'Banjar', 111),
(255, 'EA', 'Bawal', 96),
(256, 'EA', 'Bekasang', 138),
(257, 'EA', 'Belida', 120),
(258, 'EA', 'Belut air laut', 93),
(259, 'EA', 'Belut air tawar', 82),
(260, 'EA', 'Beunteur', 66),
(261, 'EA', 'Cue selar kuning', 145),
(262, 'EA', 'Cumi-cumi', 75),
(263, 'EA', 'Cumi-cumi segar', 75),
(264, 'EA', 'Ekor kuning', 109),
(265, 'EA', 'Gabus', 77),
(266, 'EA', 'Gabus segar', 74),
(267, 'EA', 'Hiu', 57),
(268, 'EA', 'Hiu,ikan hiu', 89),
(269, 'EA', 'Ikan Layang', 109),
(270, 'EA', 'Ikan balong', 107),
(271, 'EA', 'Ikan mas', 86),
(272, 'EA', 'Ikan mujair segar', 89),
(273, 'EA', 'Ikan segar', 113),
(274, 'EA', 'Kacangan', 77),
(275, 'EA', 'Kakap', 92),
(276, 'EA', 'Kembung', 103),
(277, 'EA', 'Keong', 64),
(278, 'EA', 'Kepiting', 151),
(279, 'EA', 'Kerang', 59),
(280, 'EA', 'Kerang(DKBM P3G 90)', 101),
(281, 'EA', 'Keru-keru', 93),
(282, 'EA', 'Kodok', 73),
(283, 'EA', 'Kura-kura', 83),
(284, 'EA', 'Kuro', 87),
(285, 'EA', 'Lais', 161),
(286, 'EA', 'Layur', 82),
(287, 'EA', 'Lemuru', 112),
(288, 'EA', 'Lidah', 10),
(289, 'EA', 'Mayong', 97),
(290, 'EA', 'Mujahir', 89),
(291, 'EA', 'Paling,belut', 303),
(292, 'EA', 'Rusip', 110),
(293, 'EA', 'Selar segar', 10),
(294, 'EA', 'Seluang', 361),
(295, 'EA', 'Sidat', 8),
(296, 'EA', 'Tembang', 204),
(297, 'EA', 'Teri', 74),
(298, 'EA', 'Teri segar', 77),
(299, 'EA', 'Udang segar', 91),
(300, 'EB', 'Cakalang asin', 198),
(301, 'EB', 'Calo.peda', 81),
(302, 'EB', 'Dendeng ikan mujair', 582),
(303, 'EB', 'Gabus kering', 29),
(304, 'EB', 'Ikan asin kering', 193),
(305, 'EB', 'Ikan tombo asin', 162),
(306, 'EB', 'Kerang dendeng', 357),
(307, 'EB', 'Kerupuk ikan,dengan pati', 342),
(308, 'EB', 'Kerupuk udang,dengan pati', 359),
(309, 'EB', 'Lais sale', 41),
(310, 'EB', 'Mujahir dendeng', 582),
(311, 'EB', 'Peda banjar', 156),
(312, 'EB', 'Petis ikan', 161),
(313, 'EB', 'Petis udang', 220),
(314, 'EB', 'Pindang banjar', 157),
(315, 'EB', 'Pindang benggol', 170),
(316, 'EB', 'Pindang layang', 153),
(317, 'EB', 'Pindang selar kecil', 142),
(318, 'EB', 'Rebon(udang kecil segar)', 81),
(319, 'EB', 'Rebon kering', 299),
(320, 'EB', 'Sardencis dalam kaleng', 338),
(321, 'EB', 'Selar kering', 19),
(322, 'EB', 'Sepat kering', 289),
(323, 'EB', 'Sunu asin', 168),
(324, 'EB', 'Telur ikan', 398),
(325, 'EB', 'Tepung ikan', 316),
(326, 'EB', 'Terasi', 155),
(327, 'EB', 'Terasi merah', 174),
(328, 'EB', 'Teri bubuk', 277),
(329, 'EB', 'Teri kering', 170),
(330, 'EB', 'Teri kering sekali tawar', 331),
(331, 'EB', 'Teri nasi kering', 144),
(332, 'EB', 'Teri tepung', 347),
(333, 'EB', 'Udang kering', 259),
(334, 'FA', 'Andaliman', 99),
(335, 'FA', 'Andewi', 25),
(336, 'FA', 'Baligo', 13),
(337, 'FA', 'Bayam', 36),
(338, 'FA', 'Bayam (DKBM P3G 90)', 16),
(339, 'FA', 'Bayam merah', 51),
(340, 'FA', 'Bunga papaya jantan', 45),
(341, 'FA', 'Caisin', 20),
(342, 'FA', 'Caisin (DKBM P3G 90)', 20),
(343, 'FA', 'Daun bawang', 29),
(344, 'FA', 'Daun beluntas', 42),
(345, 'FA', 'Daun gandaria', 60),
(346, 'FA', 'Daun jambu mete muda', 73),
(347, 'FA', 'Daun kacang panjang', 34),
(348, 'FA', 'Daun katuk', 59),
(349, 'FA', 'Daun kecipir', 47),
(350, 'FA', 'Daun kedondong', 59),
(351, 'FA', 'Daun kelor', 82),
(352, 'FA', 'Daun kemangi', 43),
(353, 'FA', 'Daun ketela rambat (ubi jalar)', 47),
(354, 'FA', 'Daun koro', 23),
(355, 'FA', 'Daun labu siam', 60),
(356, 'FA', 'Daun labu waluh', 30),
(357, 'FA', 'Daun leunca', 45),
(358, 'FA', 'Daun lobak', 30),
(359, 'FA', 'Daun lompong tales', 40),
(360, 'FA', 'Daun mangkokan', 54),
(361, 'FA', 'Daun melinjo', 99),
(362, 'FA', 'Daun oyong', 22),
(363, 'FA', 'Daun pakis', 35),
(364, 'FA', 'Daun pepaya', 79),
(365, 'FA', 'Daun pete cina', 128),
(366, 'FA', 'Daun singkong', 73),
(367, 'FA', 'Daun singkong jenis ambon', 131),
(368, 'FA', 'Daun tales', 71),
(369, 'FA', 'Daun tespong', 59),
(370, 'FA', 'Eceng', 18),
(371, 'FA', 'Genjer', 33),
(372, 'FA', 'Kangkung', 29),
(373, 'FA', 'Kemangi', 46),
(374, 'FA', 'Krokot', 21),
(375, 'FA', 'Kucai', 45),
(376, 'FA', 'Kucai muda(lokio)', 42),
(377, 'FA', 'Pe-cai', 23),
(378, 'FA', 'Peterseli', 50),
(379, 'FA', 'Prei (daun bawang)', 45),
(380, 'FA', 'Seledri', 20),
(381, 'FB', 'Bawang bombay', 45),
(382, 'FB', 'Bawang merah', 39),
(383, 'FB', 'Bawang putih', 95),
(384, 'FB', 'Bit', 42),
(385, 'FB', 'Boros kunci', 23),
(386, 'FB', 'Boros laja', 22),
(387, 'FB', 'Buncis', 35),
(388, 'FB', 'Buncis (DKBM P3G 90)', 34),
(389, 'FB', 'Cabe gembor merah', 38),
(390, 'FB', 'Cabe hijau besar', 23),
(391, 'FB', 'Cabe merah besar ( kering )', 311),
(392, 'FB', 'Cabe merah besar ( segar )', 31),
(393, 'FB', 'Cabe rawit ( segar )', 103),
(394, 'FB', 'Gambas oyong', 18),
(395, 'FB', 'Jagung muda, termasuk tongkol', 33),
(396, 'FB', 'Jamur kuping kering', 128),
(397, 'FB', 'Jamur kuping segar', 15),
(398, 'FB', 'Jantung pisang segar', 31),
(399, 'FB', 'Jotang', 32),
(400, 'FB', 'Kacang buncis ( buah )', 35),
(401, 'FB', 'Kacang gude ( buah muda )', 123),
(402, 'FB', 'Kacang kapri ( biji segar )', 98),
(403, 'FB', 'Kacang panjang', 44),
(404, 'FB', 'Kapri muda', 42),
(405, 'FB', 'Kecipir ( buah muda )', 35),
(406, 'FB', 'Keluwih, kelawi', 111),
(407, 'FB', 'Kembang turi', 44),
(408, 'FB', 'Ketimun', 12),
(409, 'FB', 'Kool kembang', 25),
(410, 'FB', 'Kool merah, kool putih', 24),
(411, 'FB', 'Koro kerupuk ( buah )', 125),
(412, 'FB', 'Koro wedus ( buah muda )', 38),
(413, 'FB', 'Kulit melinjo', 111),
(414, 'FB', 'Labu air', 17),
(415, 'FB', 'Labu siam', 26),
(416, 'FB', 'Labu waluh', 29),
(417, 'FB', 'Leunca buah (daun leunca)', 33),
(418, 'FB', 'Lobak', 19),
(419, 'FB', 'Melinjo', 66),
(420, 'FB', 'Nangka muda', 51),
(421, 'FB', 'Pare (paria)', 29),
(422, 'FB', 'Pepaya muda', 26),
(423, 'FB', 'Rebung', 27),
(424, 'FB', 'Sawi', 22),
(425, 'FB', 'Selada', 15),
(426, 'FB', 'Selada air', 17),
(427, 'FB', 'Taoge kacang ijo', 23),
(428, 'FB', 'Taoge kacang kedele', 67),
(429, 'FB', 'Taoge kacang tunggak', 35),
(430, 'FB', 'Tebu terubuk', 25),
(431, 'FB', 'Tekokak', 34),
(432, 'FB', 'Tekokak kering', 294),
(433, 'FB', 'Terong', 24),
(434, 'FB', 'Terong belanda', 48),
(435, 'FB', 'Tomat ( sari air tomat )', 15),
(436, 'FB', 'Tomat masak', 20),
(437, 'FB', 'Tomat muda', 23),
(438, 'FB', 'Wortel', 42),
(439, 'GA', 'Alpokat', 85),
(440, 'GA', 'Anggur', 50),
(441, 'GA', 'Apel', 58),
(442, 'GA', 'Arbei', 37),
(443, 'GA', 'Asam masak dipohon', 239),
(444, 'GA', 'Belimbing', 36),
(445, 'GA', 'Bengkuang', 55),
(446, 'GA', 'Buah atung', 23),
(447, 'GA', 'Buah mentega ( bisbul )', 39),
(448, 'GA', 'Buah nona', 101),
(449, 'GA', 'Cempedak', 116),
(450, 'GA', 'Duku', 63),
(451, 'GA', 'Durian', 134),
(452, 'GA', 'Embacang', 98),
(453, 'GA', 'Erbis', 70),
(454, 'GA', 'Gandaria', 68),
(455, 'GA', 'Jambu air', 46),
(456, 'GA', 'Jambu biji', 49),
(457, 'GA', 'Jambu bol', 56),
(458, 'GA', 'Jambu monyet ( buah )', 64),
(459, 'GA', 'Jeruk bali', 48),
(460, 'GA', 'Jeruk garut (jeruk keprok)', 44),
(461, 'GA', 'Jeruk manis', 45),
(462, 'GA', 'Jeruk manis (air sari jeruk)', 44),
(463, 'GA', 'Jeruk nipis', 37),
(464, 'GA', 'Kedondong masak', 41),
(465, 'GA', 'Kemang', 48),
(466, 'GA', 'Kesemek', 78),
(467, 'GA', 'Kokosan', 86),
(468, 'GA', 'Langsat', 56),
(469, 'GA', 'Mangga gedong)', 44),
(470, 'GA', 'Mangga golek)', 63),
(471, 'GA', 'Mangga harumanis)', 46),
(472, 'GA', 'Mangga indramayu)', 72),
(473, 'GA', 'Mangga kopek', 56),
(474, 'GA', 'Mangga muda', 59),
(475, 'GA', 'Manggis', 63),
(476, 'GA', 'Menteng', 65),
(477, 'GA', 'Nanas', 52),
(478, 'GA', 'Nangka masak dipohon', 106),
(479, 'GA', 'Pala ( dagingnya )', 42),
(480, 'GA', 'Pepaya', 46),
(481, 'GA', 'Pisang ambon', 99),
(482, 'GA', 'Pisang angleng (pis. ampyang)', 68),
(483, 'GA', 'Pisang lampung', 99),
(484, 'GA', 'Pisang mas', 127),
(485, 'GA', 'Pisang raja', 120),
(486, 'GA', 'Pisang raja sereh (pis. susu)', 118),
(487, 'GA', 'Pisang raja uli', 146),
(488, 'GA', 'Rambutan', 69),
(489, 'GA', 'Salak', 77),
(490, 'GA', 'Salak bali', 57),
(491, 'GA', 'Salak pondoh', 368),
(492, 'GA', 'Sawo', 92),
(493, 'GA', 'Sawo duren', 64),
(494, 'GA', 'Sawo kecik', 111),
(495, 'GA', 'Semangka', 28),
(496, 'GA', 'Sirsak', 65),
(497, 'GA', 'Srikaya', 101),
(498, 'GA', 'Srikaya (DKBM P3G ''90)', 63),
(499, 'GA', 'Sukun muda', 119),
(500, 'GA', 'Sukun muda (DKBM P3G ''90)', 119),
(501, 'GA', 'Sukun tua', 126),
(502, 'GA', 'Sukun tua (DKBM P3G ''90)', 129),
(503, 'GA', 'Tempoyak', 142),
(504, 'GA', 'Wuni', 74),
(505, 'HA', 'Es krim', 207),
(506, 'HA', 'Keju', 326),
(507, 'HA', 'Kepala susu (krim)', 204),
(508, 'HA', 'Mentega', 725),
(509, 'HA', 'Susu kambing', 64),
(510, 'HA', 'Susu kental manis', 336),
(511, 'HA', 'Susu kental tak manis', 138),
(512, 'HA', 'Susu kerbau', 160),
(513, 'HA', 'Susu sapi', 61),
(514, 'HA', 'Susu skim (susu tak berlemak)', 36),
(515, 'HA', 'Tepung susu', 509),
(516, 'HA', 'Tepung susu asam untuk bayi', 418),
(517, 'HA', 'Tepung susu skim', 362),
(518, 'HA', 'Yoghurt', 52),
(519, 'IA', 'Lemak babi', 902),
(520, 'IA', 'Lemak kerbau (lemak sapi)', 818),
(521, 'IA', 'Margarin', 720),
(522, 'IA', 'Minyak hati hiu (eulamia)', 902),
(523, 'IA', 'Minyak ikan', 902),
(524, 'IA', 'Minyak kacang tanah', 902),
(525, 'IA', 'Minyak kelapa', 870),
(526, 'IA', 'Minyak kelapa sawit', 902),
(527, 'IA', 'Minyak wijen', 902),
(528, 'JA', 'Bier (4% alcohol)', 48),
(529, 'JA', 'Coklat manis ( batang )', 472),
(530, 'JA', 'Coklat pahit ( batang )', 504),
(531, 'JA', 'Coklat susu ( batang )', 381),
(532, 'JA', 'Dodol', 395),
(533, 'JA', 'Gelatin', 389),
(534, 'JA', 'Gula aren', 368),
(535, 'JA', 'Gula kelapa', 386),
(536, 'JA', 'Gula merah tebu, belum murni', 356),
(537, 'JA', 'Gula pasir', 364),
(538, 'JA', 'Jam sele', 239),
(539, 'JA', 'Kopi, bagian yang dapat larut', 352),
(540, 'JA', 'Lemon squash', 36),
(541, 'JA', 'Limun', 30),
(542, 'JA', 'Madu', 294),
(543, 'JA', 'Melasse', 276),
(544, 'JA', 'Serbuk coklat', 298),
(545, 'JA', 'Setrup, sirup', 213),
(546, 'JA', 'Teh', 132),
(547, 'JB', 'Aci aren', 355),
(548, 'JB', 'Agar laut (DKBM P3G ''90)', 21),
(549, 'JB', 'Agar-agar', 0),
(550, 'JB', 'Alur', 24),
(551, 'JB', 'Bonggol pisang', 43),
(552, 'JB', 'Bonggol pisang kering', 245),
(553, 'JB', 'Bulung', 333),
(554, 'JB', 'Bulung jajar (agar jajal)', 212),
(555, 'JB', 'Bulung sangu', 237),
(556, 'JB', 'Cengkeh kering', 292),
(557, 'JB', 'Cuka', 12),
(558, 'JB', 'Daun cincau', 122),
(559, 'JB', 'Donge-donge', 16),
(560, 'JB', 'Jahe', 51),
(561, 'JB', 'Kecap', 46),
(562, 'JB', 'Kelangis', 230),
(563, 'JB', 'Kunyit', 63),
(564, 'JB', 'Lawi-lawi', 18),
(565, 'JB', 'Lidah buaya', 4),
(566, 'JB', 'Merica', 359),
(567, 'JB', 'Ragi', 136),
(568, 'JB', 'Saos tomat', 98),
(569, 'PA', 'Bacang', 72),
(570, 'PA', 'Bihun goring', 308),
(571, 'PA', 'Bubur', 6),
(572, 'PA', 'Bubur beras (Menu Pgln)', 70),
(573, 'PA', 'Bubur kentang (Menu Pgln)', 76),
(574, 'PA', 'Bubur tepung (Menu Pgln)', 363),
(575, 'PA', 'Bubur wortel (Menu Pgln)', 73),
(576, 'PA', 'Buntil', 106),
(577, 'PA', 'Buras', 88),
(578, 'PA', 'Cassava stick', 460),
(579, 'PA', 'Cemplon', 94),
(580, 'PA', 'Ceriping getuk singkong', 462),
(581, 'PA', 'Chilmil', 472),
(582, 'PA', 'Combro', 105),
(583, 'PA', 'Deblo', 52),
(584, 'PA', 'Dodongkal', 7),
(585, 'PA', 'Gadung kukus', 88),
(586, 'PA', 'Ganyong rebus', 100),
(587, 'PA', 'Gemblong', 115),
(588, 'PA', 'Gemblong (DKBM P3G ''90)', 274),
(589, 'PA', 'Gendar goring', 407),
(590, 'PA', 'Geplak', 350),
(591, 'PA', 'Getuk goreng sukaraja', 360),
(592, 'PA', 'Getuk lindri', 60),
(593, 'PA', 'Getuk singkong', 204),
(594, 'PA', 'Gudangan (urapan)', 84),
(595, 'PA', 'Hunkwe (Menu Pgln)', 226),
(596, 'PA', 'Intip goring', 474),
(597, 'PA', 'Intip goreng/kerak nasi', 474),
(598, 'PA', 'Jagung gronto metro', 135),
(599, 'PA', 'Jagung grontol harapan', 156),
(600, 'PA', 'Jagung kering dengan kulit', 355),
(601, 'PA', 'Jagung rebus', 105),
(602, 'PA', 'Japilus', 500),
(603, 'PA', 'Jenang', 220),
(604, 'PA', 'Karoket', 73),
(605, 'PA', 'Kecimpring singkong', 464),
(606, 'PA', 'Kecimpring sinkong goring', 262),
(607, 'PA', 'Kelepon', 107),
(608, 'PA', 'Kemplang goring', 504),
(609, 'PA', 'Kemplang panggang', 356),
(610, 'PA', 'Keremes', 475),
(611, 'PA', 'Keripik gadung', 446),
(612, 'PA', 'Keripik singkong', 478),
(613, 'PA', 'Keripik singkong berbumbu', 481),
(614, 'PA', 'Kerupuk sayong', 7),
(615, 'PA', 'Ketapang', 34),
(616, 'PA', 'Ketela kukus', 153),
(617, 'PA', 'Ketela tapai', 169),
(618, 'PA', 'Ketupat ketan', 212),
(619, 'PA', 'Ketupat tahu', 274),
(620, 'PA', 'Komba kukus', 71),
(621, 'PA', 'Kue Kutu mayang', 100),
(622, 'PA', 'Kue apem', 84),
(623, 'PA', 'Kue bugis', 24),
(624, 'PA', 'Kue koya', 366),
(625, 'PA', 'Kue mangkok', 91),
(626, 'PA', 'Kue pacar cina', 38),
(627, 'PA', 'Kue pia', 148),
(628, 'PA', 'Kue satu', 59),
(629, 'PA', 'Kue semprong', 38),
(630, 'PA', 'Kue talam', 18),
(631, 'PA', 'Kue tambang', 128),
(632, 'PA', 'Laksa', 499),
(633, 'PA', 'Lemper', 177),
(634, 'PA', 'Lenting getuk', 422),
(635, 'PA', 'Leupeut ketan', 96),
(636, 'PA', 'Lopis', 98),
(637, 'PA', 'Lumpia', 133),
(638, 'PA', 'Martabak', 199),
(639, 'PA', 'Martabak telur', 200),
(640, 'PA', 'Mi kuning goring', 476),
(641, 'PA', 'Mie +telur (Menu Pgln)', 178),
(642, 'PA', 'Mie ayam', 360),
(643, 'PA', 'Mie goring', 117),
(644, 'PA', 'Mie goreng (mie kering noodle)', 185),
(645, 'PA', 'Mie laksa basah', 155),
(646, 'PA', 'Mie laksa kering', 347),
(647, 'PA', 'Mie sua', 320),
(648, 'PA', 'Misro', 109),
(649, 'PA', 'Nasi (Menu Pgln)', 176),
(650, 'PA', 'Nasi Beras giling masak', 178),
(651, 'PA', 'Nasi beras giling pelita I/1', 180),
(652, 'PA', 'Nasi beras giling pelita II/1', 158),
(653, 'PA', 'Nasi beras tumbuk pelita I/1', 166),
(654, 'PA', 'Nasi beras tumbuk pelita II/1', 144),
(655, 'PA', 'Nasi goring', 138),
(656, 'PA', 'Nasi goreng+telur (Menu Pgln)', 198),
(657, 'PA', 'Nasi tim (Menu Pgln)', 120),
(658, 'PA', 'Nasi uduk', 152),
(659, 'PA', 'Onde-onde', 101),
(660, 'PA', 'Ongol-ongol', 23),
(661, 'PA', 'Ongol-ongol sagu', 111),
(662, 'PA', 'Opak singkong', 47),
(663, 'PA', 'Papais', 107),
(664, 'PA', 'Pastel', 208),
(665, 'PA', 'Perkedel kentang', 439),
(666, 'PA', 'Pilus', 257),
(667, 'PA', 'Putu', 21),
(668, 'PA', 'Rarawuan', 118),
(669, 'PA', 'Risoles', 134),
(670, 'PA', 'Roti gambang', 70),
(671, 'PA', 'Roti isi coklat', 215),
(672, 'PA', 'Roti isi kacang', 217),
(673, 'PA', 'Roti isi kelapa (manis)', 518),
(674, 'PA', 'Roti kukus', 249),
(675, 'PA', 'Sagu ambon', 338),
(676, 'PA', 'Serabi', 245),
(677, 'PA', 'Singkong goring', 57),
(678, 'PA', 'Siomay', 162),
(679, 'PA', 'Soun', 351),
(680, 'PA', 'Sriping talas kebumen', 478),
(681, 'PA', 'Supermi (Menu Pgln)', 113),
(682, 'PA', 'Supermi+telor (Menu Pgln)', 166),
(683, 'PA', 'Suweg kukus', 93),
(684, 'PA', 'Talas kukus', 120),
(685, 'PA', 'Tapai beras ketan hitam', 166),
(686, 'PA', 'Tapai beras ketan putih', 172),
(687, 'PA', 'Ubi jalar goring', 48),
(688, 'PA', 'Ubi jalar kukus', 100),
(689, 'PA', 'Ubi jalar rebus', 74),
(690, 'PA', 'Ubi jalar sayur', 110),
(691, 'PA', 'Ubi kemayung kukus', 165),
(692, 'PB', 'Ampas tahu kukus', 75),
(693, 'PB', 'Biji jambu mete goring', 629),
(694, 'PB', 'Botok lamtoro', 186),
(695, 'PB', 'Bubur kacang ijo', 106),
(696, 'PB', 'Bubur kacang ijo (Menu Pgln)', 204),
(697, 'PB', 'Emping goreng asin', 431),
(698, 'PB', 'Emping goreng manis', 439),
(699, 'PB', 'Emping goreng tipis', 485),
(700, 'PB', 'Goreng oncom', 109),
(701, 'PB', 'Kacang atom', 533),
(702, 'PB', 'Kacang babi bogor goring', 479),
(703, 'PB', 'Kacang babi bogor rebus', 161),
(704, 'PB', 'Kacang babi kecipir rebus', 204),
(705, 'PB', 'Kacang gude rebus', 147),
(706, 'PB', 'Kacang hijau rebus', 109),
(707, 'PB', 'Kacang kapri goring', 89),
(708, 'PB', 'Kacang kedelai goring', 521),
(709, 'PB', 'Kacang kedelai rebus', 189),
(710, 'PB', 'Kacang kulit', 628),
(711, 'PB', 'Kacang merah kering rebus', 158),
(712, 'PB', 'Kacang merah segar rebus', 144),
(713, 'PB', 'Kacang sari', 561),
(714, 'PB', 'Kacang sukro (DKBM P3G 90)', 484),
(715, 'PB', 'Kacang sukro putih', 122),
(716, 'PB', 'Kacang tanah goring', 564),
(717, 'PB', 'Kacang tanah rebus', 77),
(718, 'PB', 'Kacang tanah rebus', 220),
(719, 'PB', 'Kacang tanah sangan', 560),
(720, 'PB', 'Kacang telur', 187),
(721, 'PB', 'Kacang tolo rebus', 138),
(722, 'PB', 'Kembang tahu rebus', 90),
(723, 'PB', 'Kripik abadi besar', 556),
(724, 'PB', 'Kripik murni', 542),
(725, 'PB', 'Kripik murni', 540),
(726, 'PB', 'Kripik oncom', 598),
(727, 'PB', 'Kripik sedang', 510),
(728, 'PB', 'Kripik telur', 529),
(729, 'PB', 'Kripik tempe', 581),
(730, 'PB', 'Kripik tempe goring', 542),
(731, 'PB', 'Noga kacang tanah', 180),
(732, 'PB', 'Oncom hitam goring', 71),
(733, 'PB', 'Oncom hitam tepung', 92),
(734, 'PB', 'Oncom merah bertepung', 96),
(735, 'PB', 'Oncom merah goring', 92),
(736, 'PB', 'Oncom merah sayur (tumis)', 4),
(737, 'PB', 'Pepes oncom', 132),
(738, 'PB', 'Pepes oncom / ampas tahu', 76),
(739, 'PB', 'Pepes taoco', 184),
(740, 'PB', 'Rempeyek', 513),
(741, 'PB', 'Rempeyek kacang tanah', 513),
(742, 'PB', 'Rempeyek kacang tolo', 451),
(743, 'PB', 'Rempeyek kacang uci', 497),
(744, 'PB', 'Tahu goring', 32),
(745, 'PB', 'Tahu goreng (DKBM P3G 90)', 115),
(746, 'PB', 'Tahu goreng (Menu Pgln)', 143),
(747, 'PB', 'Tauco', 158),
(748, 'PB', 'Tauco cap beruang', 347),
(749, 'PB', 'Tauco cap das', 358),
(750, 'PB', 'Tauco cap meong', 159),
(751, 'PB', 'Tauji cap singa', 277),
(752, 'PB', 'Tempe goring', 82),
(753, 'PB', 'Tempe goreng (Menu Pgln)', 335),
(754, 'PB', 'Tempe murni goring', 350),
(755, 'PB', 'Tempe pasar goring', 336),
(756, 'PB', 'Tempe sayur', 36),
(757, 'PC', 'Abon sapi', 212),
(758, 'PC', 'Abon sapi asli', 358),
(759, 'PC', 'Ati ayam (buras)', 112),
(760, 'PC', 'Ati ayam (ras)', 105),
(761, 'PC', 'Ayam goreng (Menu Pgln)', 595),
(762, 'PC', 'Ayam goreng buras mbok berek', 295),
(763, 'PC', 'Ayam paha lengkap kalasan', 275),
(764, 'PC', 'Ayam paha pasundan', 245),
(765, 'PC', 'Ayam paha sukabumi', 283),
(766, 'PC', 'Ayam pasundan', 246),
(767, 'PC', 'Ayam ras dada church toxas', 338),
(768, 'PC', 'Ayam ras dada Kentucky', 298),
(769, 'PC', 'Ayam ras dada pioneer', 295),
(770, 'PC', 'Ayam ras paha church', 287),
(771, 'PC', 'Ayam ras paha kentucky', 286),
(772, 'PC', 'Ayam sayap church', 295),
(773, 'PC', 'Ayam sayap kentucky', 297),
(774, 'PC', 'Ayam sukabumi', 244),
(775, 'PC', 'Babi lawar', 174),
(776, 'PC', 'Ceker ayam (buras)', 197),
(777, 'PC', 'Ceker ayam (ras)', 245),
(778, 'PC', 'Daging puyuh (goreng)', 187),
(779, 'PC', 'Dendeng bekicot ', 441),
(780, 'PC', 'Paru goreng ', 488),
(781, 'PC', 'Penyu lawar ', 141),
(782, 'PC', 'Penyu sate ', 179),
(783, 'PC', 'Penyu serapah ', 174),
(784, 'PC', 'Pizza sapi ', 294),
(785, 'PC', 'Rawon ', 60),
(786, 'PC', 'Rempelo ayam ', 108),
(787, 'PC', 'Rempelo ayam (goreng) ', 270),
(788, 'PC', 'Rendang', 193),
(789, 'PC', 'Rujak cingur ', 153),
(790, 'PC', 'Sapi rendang ', 193),
(791, 'PC', 'Sate ayam ', 227),
(792, 'PC', 'Sate daging kambing ', 211),
(793, 'PC', 'Sate daging lembu ', 219),
(794, 'PC', 'Sate kuah ', 151),
(795, 'PC', 'Sate kulit ', 22),
(796, 'PC', 'Sate perut lembu ', 218),
(797, 'PC', 'Sate usus ', 19),
(798, 'PC', 'Soto dengan daging ', 102),
(799, 'PC', 'Soto tanpa daging ', 82),
(800, 'PC', 'Sus isi ragout ', 221),
(801, 'PC', 'Usus ayam goreng ', 473),
(802, 'PD', 'Telur ayam dadar ', 251),
(803, 'PD', 'Telur bebek dadar ', 301),
(804, 'PD', 'Telur ceplok (Menu Pgln) ', 240),
(805, 'PD', 'Telur dadar (Menu Pgln) ', 259),
(806, 'PD', 'Telur dadar+terigu (Menu Pgln) ', 289),
(807, 'PD', 'Telur puyuh ', 168),
(808, 'PD', 'Telur rebus (Menu Pgln) ', 154),
(809, 'PE', 'Bandeng presto ', 296),
(810, 'PE', 'Belut dendeng goreng ', 382),
(811, 'PE', 'Belut goreng ', 417),
(812, 'PE', 'Cumi-cumi goreng ', 265),
(813, 'PE', 'Dendeng mujahir goreng ', 598),
(814, 'PE', 'Empek kapal selam ', 190),
(815, 'PE', 'Empek kelesan ', 211),
(816, 'PE', 'Empek tangiri ', 173),
(817, 'PE', 'Empek-empek belida ', 156),
(818, 'PE', 'Gurame asam manis', 192),
(819, 'PE', 'Ikan mas goreng (Menu Pgln)', 182),
(820, 'PE', 'Ikan mas semur (Menu Pgln)', 225),
(821, 'PE', 'Ikan tongkol (tuna)', 117),
(822, 'PE', 'Ikan tongkol masak kuwah', 119),
(823, 'PE', 'Kerupuk udang', 17),
(824, 'PE', 'Lele dumbo,pecak', 372),
(825, 'PE', 'Mujahir acar kuning', 330),
(826, 'PE', 'Mujahir goring', 416),
(827, 'PE', 'Mujahir pepes', 121),
(828, 'PE', 'Pecak lele', 372),
(829, 'PE', 'Pepes ikan mas', 209),
(830, 'PE', 'Petis', 345),
(831, 'PE', 'Petis udang', 345),
(832, 'PE', 'Tenggiri', 109),
(833, 'PE', 'Teri blado', 365),
(834, 'PE', 'Teripang dendeng goring', 462),
(835, 'PF', 'Acar timun', 10),
(836, 'PF', 'Bayam kukus', 30),
(837, 'PF', 'Bayam rebus', 23),
(838, 'PF', 'Botok lamtoro', 186),
(839, 'PF', 'Brongkos', 141),
(840, 'PF', 'Buncis rebus', 30),
(841, 'PF', 'Buntil daun talas', 141),
(842, 'PF', 'Gado-gado', 203),
(843, 'PF', 'Gado-gado (DKBM P3G 90)', 137),
(844, 'PF', 'Gudeg', 160),
(845, 'PF', 'Gulai pakis', 143),
(846, 'PF', 'Kac. panjang rebus (Menu Pgln)', 38),
(847, 'PF', 'Keredok', 92),
(848, 'PF', 'Ketoprak', 153),
(849, 'PF', 'Kripik bayam', 586),
(850, 'PF', 'Pecel', 243),
(851, 'PF', 'Sayur asem', 29),
(852, 'PF', 'Sayur daging ayam (Menu Pgln)', 451),
(853, 'PF', 'Sayur daging sapi (Menu Pgln)', 239),
(854, 'PF', 'Sayur kacang merah (Menu Pgln)', 321),
(855, 'PF', 'Sayur lodeh', 240),
(856, 'PF', 'Sayur lodeh (Menu Pgln)', 108),
(857, 'PF', 'Sayur sop', 27),
(858, 'PF', 'Sayur sosin (Menu Pgln)', 18),
(859, 'PF', 'Sayur soup (Menu Pgln)', 61),
(860, 'PF', 'Sayur tahu sosin (Menu Pgln)', 92),
(861, 'PF', 'Sayur tahu toge (Menu Pgln)', 114),
(862, 'PF', 'Sayur telur wortel (Menu Pgln)', 140),
(863, 'PF', 'Sayur tempe (Menu Pgln)', 161),
(864, 'PF', 'Semur jengkol', 77),
(865, 'PF', 'Semur jengkol kacang kedele', 212),
(866, 'PF', 'Semur telur (Menu Pgln)', 178),
(867, 'PF', 'Soto bandung', 42),
(868, 'PF', 'Soto banjar', 100),
(869, 'PF', 'Soto betawi', 135),
(870, 'PF', 'Soto kudus', 38),
(871, 'PF', 'Soto Madura', 60),
(872, 'PF', 'Soto padang', 127),
(873, 'PF', 'Soto pekalongan', 94),
(874, 'PF', 'Soto pemalang', 75),
(875, 'PF', 'Soto sukoraja', 80),
(876, 'PF', 'Soto sulung', 86),
(877, 'PF', 'Toge goring', 88),
(878, 'PF', 'Tumis Jagung sayur', 201),
(879, 'PF', 'Tumis bayam (Menu Pgln)', 193),
(880, 'PF', 'Tumis bayam + santan', 48),
(881, 'PF', 'Tumis kangkung (Menu Pgln)', 92),
(882, 'PF', 'Tumis ketang (Menu Pgln)', 120),
(883, 'PF', 'Tumis labu siam (Menu Pgln)', 88),
(884, 'PF', 'Tumis teri +buncis (Menu Pgln)', 158),
(885, 'PH', 'Cerelac', 418),
(886, 'PH', 'Enfamil', 525),
(887, 'PH', 'Es krim (coconut milk)', 47),
(888, 'PH', 'LLM', 481),
(889, 'PH', 'Lactogen', 464),
(890, 'PH', 'Morinaga', 515),
(891, 'PH', 'Promil', 460),
(892, 'PH', 'Promina', 409),
(893, 'PH', 'S.G.M', 461),
(894, 'PH', 'Sustagen HP', 1540),
(895, 'PH', 'Susu full cream', 502),
(896, 'PJ', 'Anak mas rasa ayam', 400),
(897, 'PJ', 'Anak mas rasa keju', 440),
(898, 'PJ', 'Bakpau', 239),
(899, 'PJ', 'Bakso', 190),
(900, 'PJ', 'Berondong', 60),
(901, 'PJ', 'Bika ambon', 158),
(902, 'PJ', 'Biskuit mahal', 35),
(903, 'PJ', 'Biskuit mahal (Menu Pgln)', 350),
(904, 'PJ', 'Biskuit murah', 26),
(905, 'PJ', 'Cake (bolu)', 435),
(906, 'PJ', 'Cake coklat (bolu)', 373),
(907, 'PJ', 'Castangel', 52),
(908, 'PJ', 'Chiki snack rasa coklat', 484),
(909, 'PJ', 'Chiki snack rasa rendang', 510),
(910, 'PJ', 'Coklat (Menu Pgln)', 472),
(911, 'PJ', 'Cucur', 145),
(912, 'PJ', 'Dawet', 878),
(913, 'PJ', 'Donat', 357),
(914, 'PJ', 'Enting gepuk', 524),
(915, 'PJ', 'Es mambo', 38),
(916, 'PJ', 'Es pung-pung (es puter)', 48),
(917, 'PJ', 'Es sirup', 56),
(918, 'PJ', 'Geplak', 350),
(919, 'PJ', 'Geplak jahe', 462),
(920, 'PJ', 'Gurandil', 218),
(921, 'PJ', 'Gurandil jahe', 425),
(922, 'PJ', 'Japilus', 500),
(923, 'PJ', 'Kelepon', 215),
(924, 'PJ', 'Kolek pisang (Menu Pgln)', 198),
(925, 'PJ', 'Kolek ubi (Menu Pgln)', 195),
(926, 'PJ', 'Koya', 366),
(927, 'PJ', 'Koya mirasa', 370),
(928, 'PJ', 'Kue ali', 440),
(929, 'PJ', 'Kue bagea kualitas I', 416),
(930, 'PJ', 'Kue bagea kualitas II', 382),
(931, 'PJ', 'Kue bakpia', 272),
(932, 'PJ', 'Kue bakwan', 280),
(933, 'PJ', 'Kue bawang', 488),
(934, 'PJ', 'Kue bika ambon kualitas I', 349),
(935, 'PJ', 'Kue bika ambon kualitas II', 327),
(936, 'PJ', 'Kue brem', 249),
(937, 'PJ', 'Kue cake tape', 323),
(938, 'PJ', 'Kue cucuru bayao', 323),
(939, 'PJ', 'Kue dodol bali', 298),
(940, 'PJ', 'Kue hello kity', 538),
(941, 'PJ', 'Kue karo', 110),
(942, 'PJ', 'Kue wijen', 565),
(943, 'PJ', 'Lapis legit', 389),
(944, 'PJ', 'Ledre pisang', 405),
(945, 'PJ', 'Lempog durian', 320),
(946, 'PJ', 'Lupis ketan', 164),
(947, 'PJ', 'Mendoan', 92),
(948, 'PJ', 'Mendut/mata kebo', 86),
(949, 'PJ', 'Mpek-mpek', 182),
(950, 'PJ', 'Nopia special', 387),
(951, 'PJ', 'Peremen', 8),
(952, 'PJ', 'Permen (Menu Pgln)', 400),
(953, 'PJ', 'Pisang getuk', 144),
(954, 'PJ', 'Pisang goring', 132),
(955, 'PJ', 'Pisang kripik lampung', 485),
(956, 'PJ', 'Pudding (Menu Pgln)', 194),
(957, 'PJ', 'Putu cangkir', 304),
(958, 'PJ', 'Rujak', 228),
(959, 'PJ', 'Sagon', 84),
(960, 'PJ', 'Satru ponorogo', 380),
(961, 'PJ', 'Sempril sagu', 477),
(962, 'PJ', 'Suwir-suwir', 317),
(963, 'PJ', 'Taro', 523),
(964, 'PJ', 'Wafer', 53),
(965, 'PJ', 'Wajit camilan', 303),
(966, 'PJ', 'Wedang jahe', 59),
(967, 'PJ', 'Wedang jeruk', 60),
(968, 'PJ', 'Widaran', 424),
(969, 'PJ', 'Wingko babat', 355),
(970, 'PJ', 'Yangko', 254);

/*!40101 SET CHARACTER_SET_CLIENT=@OLD_CHARACTER_SET_CLIENT */;
/*!40101 SET CHARACTER_SET_RESULTS=@OLD_CHARACTER_SET_RESULTS */;
/*!40101 SET COLLATION_CONNECTION=@OLD_COLLATION_CONNECTION */;
